Faculty Name,Designation,Profile URL
Dr. Gopi Sanghani,Dean - Faculty of Computer Application,https://darshan.ac.in//faculty-profile/Dr-Gopi-Bhupendrabhai-Sanghani
Prof. Swati Sharma,Assistant Professor,https://darshan.ac.in//faculty-profile/Prof-Swati-Rameshbhai-Sharma
Prof. Maulik Trivedi,Assistant Professor,https://darshan.ac.in//faculty-profile/Prof-Maulik-D-Trivedi
Prof. Firoz Sherasiya,Assistant Professor,https://darshan.ac.in//faculty-profile/Prof-Firoz-Ahamadbhai-Sherasiya
Prof. Mayur Padia,Assistant Professor,https://darshan.ac.in//faculty-profile/Prof-Mayur-Shashikant-Padia
Prof. Vaseem Ghada,Assistant Professor,https://darshan.ac.in//faculty-profile/Prof-Vaseem-Jusabbhai-Ghada
Prof. Umesh Thoriya,Assistant Professor,https://darshan.ac.in//faculty-profile/Prof-Umeshkumar-Hemubhai-Thoriya
Prof. Mehul Bhundiya,Assistant Professor,https://darshan.ac.in//faculty-profile/Prof-Mehul-Dilipbhai-Bhundiya
Prof. Jayesh Vagadiya,Assistant Professor,https://darshan.ac.in//faculty-profile/Prof-Jayesh-Dhirubhai-Vagadiya
Prof. Rajkumar Gondaliya,Assistant Professor,https://darshan.ac.in//faculty-profile/Prof-Rajkumar-Batukbhai-Gondaliya
Prof. Shruti Maniar,Assistant Professor,https://darshan.ac.in//faculty-profile/Prof-Shruti-Rajeshbhai-Maniar
Prof. Dharmik Vasiyani,Assistant Professor,https://darshan.ac.in//faculty-profile/Prof-Dharmik-Pareshbhai-Vasiyani
Prof. Devangi Kotak,Assistant Professor,https://darshan.ac.in//faculty-profile/Prof-Devangi-Lalitbhai-Kotak
Prof. Madhuresh Fichadiya,Assistant Professor,https://darshan.ac.in//faculty-profile/Prof-Madhuresh-Rajeshbhai-Fichadiya
